{"cameraMode":{"drawMode":0,"name":"Shaded","section":"Shading Mode"},"sceneLighting":true,"audioPlay":false,"sceneViewState":{"showFog":true,"showMaterialUpdate":true,"showSkybox":true,"showFlares":true,"showImageEffects":true,"showParticleSystems":true},"in2DMode":false,"pivot":{"x":1.6047096252441407,"y":2.8070056438446047,"z":-4.265600204467773},"rotation":{"x":-0.09402626007795334,"y":0.15936216711997987,"z":-0.015274540521204472,"w":-0.9826553463935852},"size":0.5439151525497437,"orthographic":false}