{"cameraMode":{"drawMode":0,"name":"Shaded","section":"Shading Mode"},"sceneLighting":true,"audioPlay":false,"sceneViewState":{"showFog":true,"showMaterialUpdate":true,"showSkybox":true,"showFlares":true,"showImageEffects":true,"showParticleSystems":true},"in2DMode":false,"pivot":{"x":0.19288070499897004,"y":0.6511214971542358,"z":4.213903427124023},"rotation":{"x":0.15974825620651246,"y":0.028727378696203233,"z":-0.004636738914996386,"w":0.9867479801177979},"size":5.154463768005371,"orthographic":false}