{"cameraMode":{"drawMode":0,"name":"Shaded","section":"Shading Mode"},"sceneLighting":true,"audioPlay":false,"sceneViewState":{"showFog":true,"showMaterialUpdate":true,"showSkybox":true,"showFlares":true,"showImageEffects":true,"showParticleSystems":true},"in2DMode":false,"pivot":{"x":14.185646057128907,"y":-1.384767770767212,"z":7.205686092376709},"rotation":{"x":0.07376536726951599,"y":0.5448278784751892,"z":-0.04814734682440758,"w":0.8339430689811707},"size":18.99176788330078,"orthographic":false}